STRUCTURE,STRUCTURE_ID,STRUCTURE_NAME,ACTION,REF_AREA,Reference area,FREQ,Frequency of observation,COMMODITY,Commodity,MEASURE,Measure,UNIT_MEASURE,Unit of measure,VERSION_ID,Version ID,TIME_PERIOD,Time period,OBS_VALUE,Observation value,OBS_STATUS,Observation status,UNIT_MULT,Unit multiplier,DECIMALS,Decimals,CONVENTION,Agricultural convention
DATAFLOW,OECD.TAD.ATM:DSD_AGR@DF_OUTLOOK_2021_2030(1.0),OECD-FAO Agricultural Outlook 2021-2030,I,ISR,Israel,A,Annual,CPC_0143,Cottonseed,QP,Production,T,Tonnes,AO_2021_2030,Agricultural Outlook 2021-2030,2019,,8.2,,A,Normal value,3,Thousands,2,Two,,
DATAFLOW,OECD.TAD.ATM:DSD_AGR@DF_OUTLOOK_2021_2030(1.0),OECD-FAO Agricultural Outlook 2021-2030,I,ISR,Israel,A,Annual,CPC_0143,Cottonseed,QP,Production,T,Tonnes,AO_2021_2030,Agricultural Outlook 2021-2030,2020,,7.5,,A,Normal value,3,Thousands,2,Two,,
DATAFLOW,OECD.TAD.ATM:DSD_AGR@DF_OUTLOOK_2021_2030(1.0),OECD-FAO Agricultural Outlook 2021-2030,I,ISR,Israel,A,Annual,CPC_0143,Cottonseed,QP,Production,T,Tonnes,AO_2021_2030,Agricultural Outlook 2021-2030,2021,,7.6099,,A,Normal value,3,Thousands,2,Two,,
DATAFLOW,OECD.TAD.ATM:DSD_AGR@DF_OUTLOOK_2021_2030(1.0),OECD-FAO Agricultural Outlook 2021-2030,I,ISR,Israel,A,Annual,CPC_0143,Cottonseed,QP,Production,T,Tonnes,AO_2021_2030,Agricultural Outlook 2021-2030,2022,,7.7106,,A,Normal value,3,Thousands,2,Two,,
DATAFLOW,OECD.TAD.ATM:DSD_AGR@DF_OUTLOOK_2021_2030(1.0),OECD-FAO Agricultural Outlook 2021-2030,I,ISR,Israel,A,Annual,CPC_0143,Cottonseed,QP,Production,T,Tonnes,AO_2021_2030,Agricultural Outlook 2021-2030,2023,,7.8139,,A,Normal value,3,Thousands,2,Two,,
DATAFLOW,OECD.TAD.ATM:DSD_AGR@DF_OUTLOOK_2021_2030(1.0),OECD-FAO Agricultural Outlook 2021-2030,I,ISR,Israel,A,Annual,CPC_0143,Cottonseed,QP,Production,T,Tonnes,AO_2021_2030,Agricultural Outlook 2021-2030,2024,,7.9387,,A,Normal value,3,Thousands,2,Two,,
DATAFLOW,OECD.TAD.ATM:DSD_AGR@DF_OUTLOOK_2021_2030(1.0),OECD-FAO Agricultural Outlook 2021-2030,I,ISR,Israel,A,Annual,CPC_0143,Cottonseed,QP,Production,T,Tonnes,AO_2021_2030,Agricultural Outlook 2021-2030,2025,,8.0611,,A,Normal value,3,Thousands,2,Two,,
DATAFLOW,OECD.TAD.ATM:DSD_AGR@DF_OUTLOOK_2021_2030(1.0),OECD-FAO Agricultural Outlook 2021-2030,I,ISR,Israel,A,Annual,CPC_0143,Cottonseed,QP,Production,T,Tonnes,AO_2021_2030,Agricultural Outlook 2021-2030,2026,,8.1822,,A,Normal value,3,Thousands,2,Two,,
DATAFLOW,OECD.TAD.ATM:DSD_AGR@DF_OUTLOOK_2021_2030(1.0),OECD-FAO Agricultural Outlook 2021-2030,I,ISR,Israel,A,Annual,CPC_0143,Cottonseed,QP,Production,T,Tonnes,AO_2021_2030,Agricultural Outlook 2021-2030,2027,,8.3074,,A,Normal value,3,Thousands,2,Two,,
DATAFLOW,OECD.TAD.ATM:DSD_AGR@DF_OUTLOOK_2021_2030(1.0),OECD-FAO Agricultural Outlook 2021-2030,I,ISR,Israel,A,Annual,CPC_0143,Cottonseed,QP,Production,T,Tonnes,AO_2021_2030,Agricultural Outlook 2021-2030,2028,,8.4401,,A,Normal value,3,Thousands,2,Two,,
DATAFLOW,OECD.TAD.ATM:DSD_AGR@DF_OUTLOOK_2021_2030(1.0),OECD-FAO Agricultural Outlook 2021-2030,I,ISR,Israel,A,Annual,CPC_0143,Cottonseed,QP,Production,T,Tonnes,AO_2021_2030,Agricultural Outlook 2021-2030,2029,,8.5827,,A,Normal value,3,Thousands,2,Two,,
DATAFLOW,OECD.TAD.ATM:DSD_AGR@DF_OUTLOOK_2021_2030(1.0),OECD-FAO Agricultural Outlook 2021-2030,I,ISR,Israel,A,Annual,CPC_0143,Cottonseed,QP,Production,T,Tonnes,AO_2021_2030,Agricultural Outlook 2021-2030,2030,,8.7314,,A,Normal value,3,Thousands,2,Two,,
DATAFLOW,OECD.TAD.ATM:DSD_AGR@DF_OUTLOOK_2021_2030(1.0),OECD-FAO Agricultural Outlook 2021-2030,I,ISR,Israel,A,Annual,CPC_0143,Cottonseed,QP,Production,T,Tonnes,AO_2021_2030,Agricultural Outlook 2021-2030,2010,,7.2,,A,Normal value,3,Thousands,2,Two,,
DATAFLOW,OECD.TAD.ATM:DSD_AGR@DF_OUTLOOK_2021_2030(1.0),OECD-FAO Agricultural Outlook 2021-2030,I,ISR,Israel,A,Annual,CPC_0143,Cottonseed,QP,Production,T,Tonnes,AO_2021_2030,Agricultural Outlook 2021-2030,2011,,16.6,,A,Normal value,3,Thousands,2,Two,,
DATAFLOW,OECD.TAD.ATM:DSD_AGR@DF_OUTLOOK_2021_2030(1.0),OECD-FAO Agricultural Outlook 2021-2030,I,ISR,Israel,A,Annual,CPC_0143,Cottonseed,QP,Production,T,Tonnes,AO_2021_2030,Agricultural Outlook 2021-2030,2012,,15,,A,Normal value,3,Thousands,2,Two,,
DATAFLOW,OECD.TAD.ATM:DSD_AGR@DF_OUTLOOK_2021_2030(1.0),OECD-FAO Agricultural Outlook 2021-2030,I,ISR,Israel,A,Annual,CPC_0143,Cottonseed,QP,Production,T,Tonnes,AO_2021_2030,Agricultural Outlook 2021-2030,2013,,11.55,,A,Normal value,3,Thousands,2,Two,,
DATAFLOW,OECD.TAD.ATM:DSD_AGR@DF_OUTLOOK_2021_2030(1.0),OECD-FAO Agricultural Outlook 2021-2030,I,ISR,Israel,A,Annual,CPC_0143,Cottonseed,QP,Production,T,Tonnes,AO_2021_2030,Agricultural Outlook 2021-2030,2014,,13.94,,A,Normal value,3,Thousands,2,Two,,
DATAFLOW,OECD.TAD.ATM:DSD_AGR@DF_OUTLOOK_2021_2030(1.0),OECD-FAO Agricultural Outlook 2021-2030,I,ISR,Israel,A,Annual,CPC_0143,Cottonseed,QP,Production,T,Tonnes,AO_2021_2030,Agricultural Outlook 2021-2030,2015,,17.3,,A,Normal value,3,Thousands,2,Two,,
DATAFLOW,OECD.TAD.ATM:DSD_AGR@DF_OUTLOOK_2021_2030(1.0),OECD-FAO Agricultural Outlook 2021-2030,I,ISR,Israel,A,Annual,CPC_0143,Cottonseed,QP,Production,T,Tonnes,AO_2021_2030,Agricultural Outlook 2021-2030,2016,,13.7,,A,Normal value,3,Thousands,2,Two,,
DATAFLOW,OECD.TAD.ATM:DSD_AGR@DF_OUTLOOK_2021_2030(1.0),OECD-FAO Agricultural Outlook 2021-2030,I,ISR,Israel,A,Annual,CPC_0143,Cottonseed,QP,Production,T,Tonnes,AO_2021_2030,Agricultural Outlook 2021-2030,2017,,12.6,,A,Normal value,3,Thousands,2,Two,,
DATAFLOW,OECD.TAD.ATM:DSD_AGR@DF_OUTLOOK_2021_2030(1.0),OECD-FAO Agricultural Outlook 2021-2030,I,ISR,Israel,A,Annual,CPC_0143,Cottonseed,QP,Production,T,Tonnes,AO_2021_2030,Agricultural Outlook 2021-2030,2018,,8.9,,A,Normal value,3,Thousands,2,Two,,
DATAFLOW,OECD.TAD.ATM:DSD_AGR@DF_OUTLOOK_2021_2030(1.0),OECD-FAO Agricultural Outlook 2021-2030,I,ISR,Israel,A,Annual,CPC_0151T0155,Roots and tubers,AH,Area harvested,HA,Hectares,AO_2021_2030,Agricultural Outlook 2021-2030,2019,,16.8967,,A,Normal value,3,Thousands,2,Two,,
DATAFLOW,OECD.TAD.ATM:DSD_AGR@DF_OUTLOOK_2021_2030(1.0),OECD-FAO Agricultural Outlook 2021-2030,I,ISR,Israel,A,Annual,CPC_0151T0155,Roots and tubers,AH,Area harvested,HA,Hectares,AO_2021_2030,Agricultural Outlook 2021-2030,2020,,16.499,,A,Normal value,3,Thousands,2,Two,,
DATAFLOW,OECD.TAD.ATM:DSD_AGR@DF_OUTLOOK_2021_2030(1.0),OECD-FAO Agricultural Outlook 2021-2030,I,ISR,Israel,A,Annual,CPC_0151T0155,Roots and tubers,AH,Area harvested,HA,Hectares,AO_2021_2030,Agricultural Outlook 2021-2030,2021,,16.4824,,A,Normal value,3,Thousands,2,Two,,
DATAFLOW,OECD.TAD.ATM:DSD_AGR@DF_OUTLOOK_2021_2030(1.0),OECD-FAO Agricultural Outlook 2021-2030,I,ISR,Israel,A,Annual,CPC_0151T0155,Roots and tubers,AH,Area harvested,HA,Hectares,AO_2021_2030,Agricultural Outlook 2021-2030,2022,,16.4924,,A,Normal value,3,Thousands,2,Two,,
DATAFLOW,OECD.TAD.ATM:DSD_AGR@DF_OUTLOOK_2021_2030(1.0),OECD-FAO Agricultural Outlook 2021-2030,I,ISR,Israel,A,Annual,CPC_0151T0155,Roots and tubers,AH,Area harvested,HA,Hectares,AO_2021_2030,Agricultural Outlook 2021-2030,2023,,16.5053,,A,Normal value,3,Thousands,2,Two,,
DATAFLOW,OECD.TAD.ATM:DSD_AGR@DF_OUTLOOK_2021_2030(1.0),OECD-FAO Agricultural Outlook 2021-2030,I,ISR,Israel,A,Annual,CPC_0151T0155,Roots and tubers,AH,Area harvested,HA,Hectares,AO_2021_2030,Agricultural Outlook 2021-2030,2024,,16.5145,,A,Normal value,3,Thousands,2,Two,,
DATAFLOW,OECD.TAD.ATM:DSD_AGR@DF_OUTLOOK_2021_2030(1.0),OECD-FAO Agricultural Outlook 2021-2030,I,ISR,Israel,A,Annual,CPC_0151T0155,Roots and tubers,AH,Area harvested,HA,Hectares,AO_2021_2030,Agricultural Outlook 2021-2030,2025,,16.5237,,A,Normal value,3,Thousands,2,Two,,
DATAFLOW,OECD.TAD.ATM:DSD_AGR@DF_OUTLOOK_2021_2030(1.0),OECD-FAO Agricultural Outlook 2021-2030,I,ISR,Israel,A,Annual,CPC_0151T0155,Roots and tubers,AH,Area harvested,HA,Hectares,AO_2021_2030,Agricultural Outlook 2021-2030,2026,,16.5323,,A,Normal value,3,Thousands,2,Two,,
DATAFLOW,OECD.TAD.ATM:DSD_AGR@DF_OUTLOOK_2021_2030(1.0),OECD-FAO Agricultural Outlook 2021-2030,I,ISR,Israel,A,Annual,CPC_0151T0155,Roots and tubers,AH,Area harvested,HA,Hectares,AO_2021_2030,Agricultural Outlook 2021-2030,2027,,16.5383,,A,Normal value,3,Thousands,2,Two,,
DATAFLOW,OECD.TAD.ATM:DSD_AGR@DF_OUTLOOK_2021_2030(1.0),OECD-FAO Agricultural Outlook 2021-2030,I,ISR,Israel,A,Annual,CPC_0151T0155,Roots and tubers,AH,Area harvested,HA,Hectares,AO_2021_2030,Agricultural Outlook 2021-2030,2028,,16.5457,,A,Normal value,3,Thousands,2,Two,,
DATAFLOW,OECD.TAD.ATM:DSD_AGR@DF_OUTLOOK_2021_2030(1.0),OECD-FAO Agricultural Outlook 2021-2030,I,ISR,Israel,A,Annual,CPC_0151T0155,Roots and tubers,AH,Area harvested,HA,Hectares,AO_2021_2030,Agricultural Outlook 2021-2030,2029,,16.5526,,A,Normal value,3,Thousands,2,Two,,
DATAFLOW,OECD.TAD.ATM:DSD_AGR@DF_OUTLOOK_2021_2030(1.0),OECD-FAO Agricultural Outlook 2021-2030,I,ISR,Israel,A,Annual,CPC_0151T0155,Roots and tubers,AH,Area harvested,HA,Hectares,AO_2021_2030,Agricultural Outlook 2021-2030,2030,,16.5607,,A,Normal value,3,Thousands,2,Two,,
DATAFLOW,OECD.TAD.ATM:DSD_AGR@DF_OUTLOOK_2021_2030(1.0),OECD-FAO Agricultural Outlook 2021-2030,I,ISR,Israel,A,Annual,CPC_0151T0155,Roots and tubers,AH,Area harvested,HA,Hectares,AO_2021_2030,Agricultural Outlook 2021-2030,2010,,16.958,,A,Normal value,3,Thousands,2,Two,,
DATAFLOW,OECD.TAD.ATM:DSD_AGR@DF_OUTLOOK_2021_2030(1.0),OECD-FAO Agricultural Outlook 2021-2030,I,ISR,Israel,A,Annual,CPC_0151T0155,Roots and tubers,AH,Area harvested,HA,Hectares,AO_2021_2030,Agricultural Outlook 2021-2030,2011,,19.394,,A,Normal value,3,Thousands,2,Two,,
DATAFLOW,OECD.TAD.ATM:DSD_AGR@DF_OUTLOOK_2021_2030(1.0),OECD-FAO Agricultural Outlook 2021-2030,I,ISR,Israel,A,Annual,CPC_0151T0155,Roots and tubers,AH,Area harvested,HA,Hectares,AO_2021_2030,Agricultural Outlook 2021-2030,2012,,17.971,,A,Normal value,3,Thousands,2,Two,,
DATAFLOW,OECD.TAD.ATM:DSD_AGR@DF_OUTLOOK_2021_2030(1.0),OECD-FAO Agricultural Outlook 2021-2030,I,ISR,Israel,A,Annual,CPC_0151T0155,Roots and tubers,AH,Area harvested,HA,Hectares,AO_2021_2030,Agricultural Outlook 2021-2030,2013,,19.637,,A,Normal value,3,Thousands,2,Two,,
DATAFLOW,OECD.TAD.ATM:DSD_AGR@DF_OUTLOOK_2021_2030(1.0),OECD-FAO Agricultural Outlook 2021-2030,I,ISR,Israel,A,Annual,CPC_0151T0155,Roots and tubers,AH,Area harvested,HA,Hectares,AO_2021_2030,Agricultural Outlook 2021-2030,2014,,20.021,,A,Normal value,3,Thousands,2,Two,,
DATAFLOW,OECD.TAD.ATM:DSD_AGR@DF_OUTLOOK_2021_2030(1.0),OECD-FAO Agricultural Outlook 2021-2030,I,ISR,Israel,A,Annual,CPC_0151T0155,Roots and tubers,AH,Area harvested,HA,Hectares,AO_2021_2030,Agricultural Outlook 2021-2030,2015,,20.111,,A,Normal value,3,Thousands,2,Two,,
DATAFLOW,OECD.TAD.ATM:DSD_AGR@DF_OUTLOOK_2021_2030(1.0),OECD-FAO Agricultural Outlook 2021-2030,I,ISR,Israel,A,Annual,CPC_0151T0155,Roots and tubers,AH,Area harvested,HA,Hectares,AO_2021_2030,Agricultural Outlook 2021-2030,2016,,19.725,,A,Normal value,3,Thousands,2,Two,,
DATAFLOW,OECD.TAD.ATM:DSD_AGR@DF_OUTLOOK_2021_2030(1.0),OECD-FAO Agricultural Outlook 2021-2030,I,ISR,Israel,A,Annual,CPC_0151T0155,Roots and tubers,AH,Area harvested,HA,Hectares,AO_2021_2030,Agricultural Outlook 2021-2030,2017,,17.277,,A,Normal value,3,Thousands,2,Two,,
DATAFLOW,OECD.TAD.ATM:DSD_AGR@DF_OUTLOOK_2021_2030(1.0),OECD-FAO Agricultural Outlook 2021-2030,I,ISR,Israel,A,Annual,CPC_0151T0155,Roots and tubers,AH,Area harvested,HA,Hectares,AO_2021_2030,Agricultural Outlook 2021-2030,2018,,17.304,,A,Normal value,3,Thousands,2,Two,,
DATAFLOW,OECD.TAD.ATM:DSD_AGR@DF_OUTLOOK_2021_2030(1.0),OECD-FAO Agricultural Outlook 2021-2030,I,ISR,Israel,A,Annual,CPC_0143,Cottonseed,EX,Exports,T,Tonnes,AO_2021_2030,Agricultural Outlook 2021-2030,2019,,8.2,,A,Normal value,3,Thousands,2,Two,,
DATAFLOW,OECD.TAD.ATM:DSD_AGR@DF_OUTLOOK_2021_2030(1.0),OECD-FAO Agricultural Outlook 2021-2030,I,ISR,Israel,A,Annual,CPC_0143,Cottonseed,EX,Exports,T,Tonnes,AO_2021_2030,Agricultural Outlook 2021-2030,2020,,8.2,,A,Normal value,3,Thousands,2,Two,,
DATAFLOW,OECD.TAD.ATM:DSD_AGR@DF_OUTLOOK_2021_2030(1.0),OECD-FAO Agricultural Outlook 2021-2030,I,ISR,Israel,A,Annual,CPC_0143,Cottonseed,EX,Exports,T,Tonnes,AO_2021_2030,Agricultural Outlook 2021-2030,2021,,7.6123,,A,Normal value,3,Thousands,2,Two,,
DATAFLOW,OECD.TAD.ATM:DSD_AGR@DF_OUTLOOK_2021_2030(1.0),OECD-FAO Agricultural Outlook 2021-2030,I,ISR,Israel,A,Annual,CPC_0143,Cottonseed,EX,Exports,T,Tonnes,AO_2021_2030,Agricultural Outlook 2021-2030,2022,,7.7119,,A,Normal value,3,Thousands,2,Two,,
DATAFLOW,OECD.TAD.ATM:DSD_AGR@DF_OUTLOOK_2021_2030(1.0),OECD-FAO Agricultural Outlook 2021-2030,I,ISR,Israel,A,Annual,CPC_0143,Cottonseed,EX,Exports,T,Tonnes,AO_2021_2030,Agricultural Outlook 2021-2030,2023,,7.8142,,A,Normal value,3,Thousands,2,Two,,
DATAFLOW,OECD.TAD.ATM:DSD_AGR@DF_OUTLOOK_2021_2030(1.0),OECD-FAO Agricultural Outlook 2021-2030,I,ISR,Israel,A,Annual,CPC_0143,Cottonseed,EX,Exports,T,Tonnes,AO_2021_2030,Agricultural Outlook 2021-2030,2024,,7.939,,A,Normal value,3,Thousands,2,Two,,
DATAFLOW,OECD.TAD.ATM:DSD_AGR@DF_OUTLOOK_2021_2030(1.0),OECD-FAO Agricultural Outlook 2021-2030,I,ISR,Israel,A,Annual,CPC_0143,Cottonseed,EX,Exports,T,Tonnes,AO_2021_2030,Agricultural Outlook 2021-2030,2025,,8.0613,,A,Normal value,3,Thousands,2,Two,,
DATAFLOW,OECD.TAD.ATM:DSD_AGR@DF_OUTLOOK_2021_2030(1.0),OECD-FAO Agricultural Outlook 2021-2030,I,ISR,Israel,A,Annual,CPC_0143,Cottonseed,EX,Exports,T,Tonnes,AO_2021_2030,Agricultural Outlook 2021-2030,2026,,8.1824,,A,Normal value,3,Thousands,2,Two,,
DATAFLOW,OECD.TAD.ATM:DSD_AGR@DF_OUTLOOK_2021_2030(1.0),OECD-FAO Agricultural Outlook 2021-2030,I,ISR,Israel,A,Annual,CPC_0143,Cottonseed,EX,Exports,T,Tonnes,AO_2021_2030,Agricultural Outlook 2021-2030,2027,,8.3076,,A,Normal value,3,Thousands,2,Two,,
DATAFLOW,OECD.TAD.ATM:DSD_AGR@DF_OUTLOOK_2021_2030(1.0),OECD-FAO Agricultural Outlook 2021-2030,I,ISR,Israel,A,Annual,CPC_0143,Cottonseed,EX,Exports,T,Tonnes,AO_2021_2030,Agricultural Outlook 2021-2030,2028,,8.4402,,A,Normal value,3,Thousands,2,Two,,
DATAFLOW,OECD.TAD.ATM:DSD_AGR@DF_OUTLOOK_2021_2030(1.0),OECD-FAO Agricultural Outlook 2021-2030,I,ISR,Israel,A,Annual,CPC_0143,Cottonseed,EX,Exports,T,Tonnes,AO_2021_2030,Agricultural Outlook 2021-2030,2029,,8.5828,,A,Normal value,3,Thousands,2,Two,,
DATAFLOW,OECD.TAD.ATM:DSD_AGR@DF_OUTLOOK_2021_2030(1.0),OECD-FAO Agricultural Outlook 2021-2030,I,ISR,Israel,A,Annual,CPC_0143,Cottonseed,EX,Exports,T,Tonnes,AO_2021_2030,Agricultural Outlook 2021-2030,2030,,8.7315,,A,Normal value,3,Thousands,2,Two,,
DATAFLOW,OECD.TAD.ATM:DSD_AGR@DF_OUTLOOK_2021_2030(1.0),OECD-FAO Agricultural Outlook 2021-2030,I,ISR,Israel,A,Annual,CPC_0143,Cottonseed,EX,Exports,T,Tonnes,AO_2021_2030,Agricultural Outlook 2021-2030,2010,,7.4177,,A,Normal value,3,Thousands,2,Two,,
DATAFLOW,OECD.TAD.ATM:DSD_AGR@DF_OUTLOOK_2021_2030(1.0),OECD-FAO Agricultural Outlook 2021-2030,I,ISR,Israel,A,Annual,CPC_0143,Cottonseed,EX,Exports,T,Tonnes,AO_2021_2030,Agricultural Outlook 2021-2030,2011,,16.6,,A,Normal value,3,Thousands,2,Two,,
DATAFLOW,OECD.TAD.ATM:DSD_AGR@DF_OUTLOOK_2021_2030(1.0),OECD-FAO Agricultural Outlook 2021-2030,I,ISR,Israel,A,Annual,CPC_0143,Cottonseed,EX,Exports,T,Tonnes,AO_2021_2030,Agricultural Outlook 2021-2030,2012,,15,,A,Normal value,3,Thousands,2,Two,,
DATAFLOW,OECD.TAD.ATM:DSD_AGR@DF_OUTLOOK_2021_2030(1.0),OECD-FAO Agricultural Outlook 2021-2030,I,ISR,Israel,A,Annual,CPC_0143,Cottonseed,EX,Exports,T,Tonnes,AO_2021_2030,Agricultural Outlook 2021-2030,2013,,11.55,,A,Normal value,3,Thousands,2,Two,,
DATAFLOW,OECD.TAD.ATM:DSD_AGR@DF_OUTLOOK_2021_2030(1.0),OECD-FAO Agricultural Outlook 2021-2030,I,ISR,Israel,A,Annual,CPC_0143,Cottonseed,EX,Exports,T,Tonnes,AO_2021_2030,Agricultural Outlook 2021-2030,2014,,13.8006,,A,Normal value,3,Thousands,2,Two,,
DATAFLOW,OECD.TAD.ATM:DSD_AGR@DF_OUTLOOK_2021_2030(1.0),OECD-FAO Agricultural Outlook 2021-2030,I,ISR,Israel,A,Annual,CPC_0143,Cottonseed,EX,Exports,T,Tonnes,AO_2021_2030,Agricultural Outlook 2021-2030,2015,,16.9125,,A,Normal value,3,Thousands,2,Two,,
DATAFLOW,OECD.TAD.ATM:DSD_AGR@DF_OUTLOOK_2021_2030(1.0),OECD-FAO Agricultural Outlook 2021-2030,I,ISR,Israel,A,Annual,CPC_0143,Cottonseed,EX,Exports,T,Tonnes,AO_2021_2030,Agricultural Outlook 2021-2030,2016,,13.7,,A,Normal value,3,Thousands,2,Two,,
DATAFLOW,OECD.TAD.ATM:DSD_AGR@DF_OUTLOOK_2021_2030(1.0),OECD-FAO Agricultural Outlook 2021-2030,I,ISR,Israel,A,Annual,CPC_0143,Cottonseed,EX,Exports,T,Tonnes,AO_2021_2030,Agricultural Outlook 2021-2030,2017,,12.6,,A,Normal value,3,Thousands,2,Two,,
DATAFLOW,OECD.TAD.ATM:DSD_AGR@DF_OUTLOOK_2021_2030(1.0),OECD-FAO Agricultural Outlook 2021-2030,I,ISR,Israel,A,Annual,CPC_0143,Cottonseed,EX,Exports,T,Tonnes,AO_2021_2030,Agricultural Outlook 2021-2030,2018,,8.455,,A,Normal value,3,Thousands,2,Two,,
DATAFLOW,OECD.TAD.ATM:DSD_AGR@DF_OUTLOOK_2021_2030(1.0),OECD-FAO Agricultural Outlook 2021-2030,I,ISR,Israel,A,Annual,CPC_0111,Wheat,QP,Production,T,Tonnes,AO_2021_2030,Agricultural Outlook 2021-2030,2019,,75,,A,Normal value,3,Thousands,2,Two,,
DATAFLOW,OECD.TAD.ATM:DSD_AGR@DF_OUTLOOK_2021_2030(1.0),OECD-FAO Agricultural Outlook 2021-2030,I,ISR,Israel,A,Annual,CPC_0111,Wheat,QP,Production,T,Tonnes,AO_2021_2030,Agricultural Outlook 2021-2030,2020,,85,,A,Normal value,3,Thousands,2,Two,,
DATAFLOW,OECD.TAD.ATM:DSD_AGR@DF_OUTLOOK_2021_2030(1.0),OECD-FAO Agricultural Outlook 2021-2030,I,ISR,Israel,A,Annual,CPC_0111,Wheat,QP,Production,T,Tonnes,AO_2021_2030,Agricultural Outlook 2021-2030,2021,,78.1262,,A,Normal value,3,Thousands,2,Two,,
DATAFLOW,OECD.TAD.ATM:DSD_AGR@DF_OUTLOOK_2021_2030(1.0),OECD-FAO Agricultural Outlook 2021-2030,I,ISR,Israel,A,Annual,CPC_0111,Wheat,QP,Production,T,Tonnes,AO_2021_2030,Agricultural Outlook 2021-2030,2022,,79.2529,,A,Normal value,3,Thousands,2,Two,,
DATAFLOW,OECD.TAD.ATM:DSD_AGR@DF_OUTLOOK_2021_2030(1.0),OECD-FAO Agricultural Outlook 2021-2030,I,ISR,Israel,A,Annual,CPC_0111,Wheat,QP,Production,T,Tonnes,AO_2021_2030,Agricultural Outlook 2021-2030,2023,,80.1924,,A,Normal value,3,Thousands,2,Two,,
DATAFLOW,OECD.TAD.ATM:DSD_AGR@DF_OUTLOOK_2021_2030(1.0),OECD-FAO Agricultural Outlook 2021-2030,I,ISR,Israel,A,Annual,CPC_0111,Wheat,QP,Production,T,Tonnes,AO_2021_2030,Agricultural Outlook 2021-2030,2024,,81.5102,,A,Normal value,3,Thousands,2,Two,,
DATAFLOW,OECD.TAD.ATM:DSD_AGR@DF_OUTLOOK_2021_2030(1.0),OECD-FAO Agricultural Outlook 2021-2030,I,ISR,Israel,A,Annual,CPC_0111,Wheat,QP,Production,T,Tonnes,AO_2021_2030,Agricultural Outlook 2021-2030,2025,,82.6055,,A,Normal value,3,Thousands,2,Two,,
DATAFLOW,OECD.TAD.ATM:DSD_AGR@DF_OUTLOOK_2021_2030(1.0),OECD-FAO Agricultural Outlook 2021-2030,I,ISR,Israel,A,Annual,CPC_0111,Wheat,QP,Production,T,Tonnes,AO_2021_2030,Agricultural Outlook 2021-2030,2026,,83.8093,,A,Normal value,3,Thousands,2,Two,,
DATAFLOW,OECD.TAD.ATM:DSD_AGR@DF_OUTLOOK_2021_2030(1.0),OECD-FAO Agricultural Outlook 2021-2030,I,ISR,Israel,A,Annual,CPC_0111,Wheat,QP,Production,T,Tonnes,AO_2021_2030,Agricultural Outlook 2021-2030,2027,,85.1214,,A,Normal value,3,Thousands,2,Two,,
DATAFLOW,OECD.TAD.ATM:DSD_AGR@DF_OUTLOOK_2021_2030(1.0),OECD-FAO Agricultural Outlook 2021-2030,I,ISR,Israel,A,Annual,CPC_0111,Wheat,QP,Production,T,Tonnes,AO_2021_2030,Agricultural Outlook 2021-2030,2028,,86.4361,,A,Normal value,3,Thousands,2,Two,,
DATAFLOW,OECD.TAD.ATM:DSD_AGR@DF_OUTLOOK_2021_2030(1.0),OECD-FAO Agricultural Outlook 2021-2030,I,ISR,Israel,A,Annual,CPC_0111,Wheat,QP,Production,T,Tonnes,AO_2021_2030,Agricultural Outlook 2021-2030,2029,,87.7778,,A,Normal value,3,Thousands,2,Two,,
DATAFLOW,OECD.TAD.ATM:DSD_AGR@DF_OUTLOOK_2021_2030(1.0),OECD-FAO Agricultural Outlook 2021-2030,I,ISR,Israel,A,Annual,CPC_0111,Wheat,QP,Production,T,Tonnes,AO_2021_2030,Agricultural Outlook 2021-2030,2030,,89.111,,A,Normal value,3,Thousands,2,Two,,
DATAFLOW,OECD.TAD.ATM:DSD_AGR@DF_OUTLOOK_2021_2030(1.0),OECD-FAO Agricultural Outlook 2021-2030,I,ISR,Israel,A,Annual,CPC_0111,Wheat,QP,Production,T,Tonnes,AO_2021_2030,Agricultural Outlook 2021-2030,2010,,112,,A,Normal value,3,Thousands,2,Two,,
DATAFLOW,OECD.TAD.ATM:DSD_AGR@DF_OUTLOOK_2021_2030(1.0),OECD-FAO Agricultural Outlook 2021-2030,I,ISR,Israel,A,Annual,CPC_0111,Wheat,QP,Production,T,Tonnes,AO_2021_2030,Agricultural Outlook 2021-2030,2011,,142,,A,Normal value,3,Thousands,2,Two,,
DATAFLOW,OECD.TAD.ATM:DSD_AGR@DF_OUTLOOK_2021_2030(1.0),OECD-FAO Agricultural Outlook 2021-2030,I,ISR,Israel,A,Annual,CPC_0111,Wheat,QP,Production,T,Tonnes,AO_2021_2030,Agricultural Outlook 2021-2030,2012,,222,,A,Normal value,3,Thousands,2,Two,,
DATAFLOW,OECD.TAD.ATM:DSD_AGR@DF_OUTLOOK_2021_2030(1.0),OECD-FAO Agricultural Outlook 2021-2030,I,ISR,Israel,A,Annual,CPC_0111,Wheat,QP,Production,T,Tonnes,AO_2021_2030,Agricultural Outlook 2021-2030,2013,,178,,A,Normal value,3,Thousands,2,Two,,
DATAFLOW,OECD.TAD.ATM:DSD_AGR@DF_OUTLOOK_2021_2030(1.0),OECD-FAO Agricultural Outlook 2021-2030,I,ISR,Israel,A,Annual,CPC_0111,Wheat,QP,Production,T,Tonnes,AO_2021_2030,Agricultural Outlook 2021-2030,2014,,140,,A,Normal value,3,Thousands,2,Two,,
DATAFLOW,OECD.TAD.ATM:DSD_AGR@DF_OUTLOOK_2021_2030(1.0),OECD-FAO Agricultural Outlook 2021-2030,I,ISR,Israel,A,Annual,CPC_0111,Wheat,QP,Production,T,Tonnes,AO_2021_2030,Agricultural Outlook 2021-2030,2015,,173,,A,Normal value,3,Thousands,2,Two,,
DATAFLOW,OECD.TAD.ATM:DSD_AGR@DF_OUTLOOK_2021_2030(1.0),OECD-FAO Agricultural Outlook 2021-2030,I,ISR,Israel,A,Annual,CPC_0111,Wheat,QP,Production,T,Tonnes,AO_2021_2030,Agricultural Outlook 2021-2030,2016,,168,,A,Normal value,3,Thousands,2,Two,,
DATAFLOW,OECD.TAD.ATM:DSD_AGR@DF_OUTLOOK_2021_2030(1.0),OECD-FAO Agricultural Outlook 2021-2030,I,ISR,Israel,A,Annual,CPC_0111,Wheat,QP,Production,T,Tonnes,AO_2021_2030,Agricultural Outlook 2021-2030,2017,,50,,A,Normal value,3,Thousands,2,Two,,
DATAFLOW,OECD.TAD.ATM:DSD_AGR@DF_OUTLOOK_2021_2030(1.0),OECD-FAO Agricultural Outlook 2021-2030,I,ISR,Israel,A,Annual,CPC_0111,Wheat,QP,Production,T,Tonnes,AO_2021_2030,Agricultural Outlook 2021-2030,2018,,70,,A,Normal value,3,Thousands,2,Two,,
DATAFLOW,OECD.TAD.ATM:DSD_AGR@DF_OUTLOOK_2021_2030(1.0),OECD-FAO Agricultural Outlook 2021-2030,I,ISR,Israel,A,Annual,CPC_0151T0155,Roots and tubers,QP,Production,T,Tonnes,AO_2021_2030,Agricultural Outlook 2021-2030,2019,,130.7699,,A,Normal value,3,Thousands,2,Two,,
DATAFLOW,OECD.TAD.ATM:DSD_AGR@DF_OUTLOOK_2021_2030(1.0),OECD-FAO Agricultural Outlook 2021-2030,I,ISR,Israel,A,Annual,CPC_0151T0155,Roots and tubers,QP,Production,T,Tonnes,AO_2021_2030,Agricultural Outlook 2021-2030,2020,,131.7534,,A,Normal value,3,Thousands,2,Two,,
DATAFLOW,OECD.TAD.ATM:DSD_AGR@DF_OUTLOOK_2021_2030(1.0),OECD-FAO Agricultural Outlook 2021-2030,I,ISR,Israel,A,Annual,CPC_0151T0155,Roots and tubers,QP,Production,T,Tonnes,AO_2021_2030,Agricultural Outlook 2021-2030,2021,,131.0574,,A,Normal value,3,Thousands,2,Two,,
DATAFLOW,OECD.TAD.ATM:DSD_AGR@DF_OUTLOOK_2021_2030(1.0),OECD-FAO Agricultural Outlook 2021-2030,I,ISR,Israel,A,Annual,CPC_0151T0155,Roots and tubers,QP,Production,T,Tonnes,AO_2021_2030,Agricultural Outlook 2021-2030,2022,,132.938,,A,Normal value,3,Thousands,2,Two,,
DATAFLOW,OECD.TAD.ATM:DSD_AGR@DF_OUTLOOK_2021_2030(1.0),OECD-FAO Agricultural Outlook 2021-2030,I,ISR,Israel,A,Annual,CPC_0151T0155,Roots and tubers,QP,Production,T,Tonnes,AO_2021_2030,Agricultural Outlook 2021-2030,2023,,135.6444,,A,Normal value,3,Thousands,2,Two,,
DATAFLOW,OECD.TAD.ATM:DSD_AGR@DF_OUTLOOK_2021_2030(1.0),OECD-FAO Agricultural Outlook 2021-2030,I,ISR,Israel,A,Annual,CPC_0151T0155,Roots and tubers,QP,Production,T,Tonnes,AO_2021_2030,Agricultural Outlook 2021-2030,2024,,137.941,,A,Normal value,3,Thousands,2,Two,,
DATAFLOW,OECD.TAD.ATM:DSD_AGR@DF_OUTLOOK_2021_2030(1.0),OECD-FAO Agricultural Outlook 2021-2030,I,ISR,Israel,A,Annual,CPC_0151T0155,Roots and tubers,QP,Production,T,Tonnes,AO_2021_2030,Agricultural Outlook 2021-2030,2025,,140.2882,,A,Normal value,3,Thousands,2,Two,,
DATAFLOW,OECD.TAD.ATM:DSD_AGR@DF_OUTLOOK_2021_2030(1.0),OECD-FAO Agricultural Outlook 2021-2030,I,ISR,Israel,A,Annual,CPC_0151T0155,Roots and tubers,QP,Production,T,Tonnes,AO_2021_2030,Agricultural Outlook 2021-2030,2026,,142.7021,,A,Normal value,3,Thousands,2,Two,,
DATAFLOW,OECD.TAD.ATM:DSD_AGR@DF_OUTLOOK_2021_2030(1.0),OECD-FAO Agricultural Outlook 2021-2030,I,ISR,Israel,A,Annual,CPC_0151T0155,Roots and tubers,QP,Production,T,Tonnes,AO_2021_2030,Agricultural Outlook 2021-2030,2027,,144.927,,A,Normal value,3,Thousands,2,Two,,
DATAFLOW,OECD.TAD.ATM:DSD_AGR@DF_OUTLOOK_2021_2030(1.0),OECD-FAO Agricultural Outlook 2021-2030,I,ISR,Israel,A,Annual,CPC_0151T0155,Roots and tubers,QP,Production,T,Tonnes,AO_2021_2030,Agricultural Outlook 2021-2030,2028,,147.2616,,A,Normal value,3,Thousands,2,Two,,
DATAFLOW,OECD.TAD.ATM:DSD_AGR@DF_OUTLOOK_2021_2030(1.0),OECD-FAO Agricultural Outlook 2021-2030,I,ISR,Israel,A,Annual,CPC_0151T0155,Roots and tubers,QP,Production,T,Tonnes,AO_2021_2030,Agricultural Outlook 2021-2030,2029,,149.5751,,A,Normal value,3,Thousands,2,Two,,
DATAFLOW,OECD.TAD.ATM:DSD_AGR@DF_OUTLOOK_2021_2030(1.0),OECD-FAO Agricultural Outlook 2021-2030,I,ISR,Israel,A,Annual,CPC_0151T0155,Roots and tubers,QP,Production,T,Tonnes,AO_2021_2030,Agricultural Outlook 2021-2030,2030,,151.9878,,A,Normal value,3,Thousands,2,Two,,
DATAFLOW,OECD.TAD.ATM:DSD_AGR@DF_OUTLOOK_2021_2030(1.0),OECD-FAO Agricultural Outlook 2021-2030,I,ISR,Israel,A,Annual,CPC_0151T0155,Roots and tubers,QP,Production,T,Tonnes,AO_2021_2030,Agricultural Outlook 2021-2030,2010,,114.9591,,A,Normal value,3,Thousands,2,Two,,
DATAFLOW,OECD.TAD.ATM:DSD_AGR@DF_OUTLOOK_2021_2030(1.0),OECD-FAO Agricultural Outlook 2021-2030,I,ISR,Israel,A,Annual,CPC_0151T0155,Roots and tubers,QP,Production,T,Tonnes,AO_2021_2030,Agricultural Outlook 2021-2030,2011,,129.476,,A,Normal value,3,Thousands,2,Two,,
DATAFLOW,OECD.TAD.ATM:DSD_AGR@DF_OUTLOOK_2021_2030(1.0),OECD-FAO Agricultural Outlook 2021-2030,I,ISR,Israel,A,Annual,CPC_0151T0155,Roots and tubers,QP,Production,T,Tonnes,AO_2021_2030,Agricultural Outlook 2021-2030,2012,,117.6076,,A,Normal value,3,Thousands,2,Two,,
DATAFLOW,OECD.TAD.ATM:DSD_AGR@DF_OUTLOOK_2021_2030(1.0),OECD-FAO Agricultural Outlook 2021-2030,I,ISR,Israel,A,Annual,CPC_0151T0155,Roots and tubers,QP,Production,T,Tonnes,AO_2021_2030,Agricultural Outlook 2021-2030,2013,,125.0219,,A,Normal value,3,Thousands,2,Two,,
DATAFLOW,OECD.TAD.ATM:DSD_AGR@DF_OUTLOOK_2021_2030(1.0),OECD-FAO Agricultural Outlook 2021-2030,I,ISR,Israel,A,Annual,CPC_0151T0155,Roots and tubers,QP,Production,T,Tonnes,AO_2021_2030,Agricultural Outlook 2021-2030,2014,,125.9613,,A,Normal value,3,Thousands,2,Two,,
DATAFLOW,OECD.TAD.ATM:DSD_AGR@DF_OUTLOOK_2021_2030(1.0),OECD-FAO Agricultural Outlook 2021-2030,I,ISR,Israel,A,Annual,CPC_0151T0155,Roots and tubers,QP,Production,T,Tonnes,AO_2021_2030,Agricultural Outlook 2021-2030,2015,,126.9087,,A,Normal value,3,Thousands,2,Two,,
DATAFLOW,OECD.TAD.ATM:DSD_AGR@DF_OUTLOOK_2021_2030(1.0),OECD-FAO Agricultural Outlook 2021-2030,I,ISR,Israel,A,Annual,CPC_0151T0155,Roots and tubers,QP,Production,T,Tonnes,AO_2021_2030,Agricultural Outlook 2021-2030,2016,,127.8631,,A,Normal value,3,Thousands,2,Two,,
DATAFLOW,OECD.TAD.ATM:DSD_AGR@DF_OUTLOOK_2021_2030(1.0),OECD-FAO Agricultural Outlook 2021-2030,I,ISR,Israel,A,Annual,CPC_0151T0155,Roots and tubers,QP,Production,T,Tonnes,AO_2021_2030,Agricultural Outlook 2021-2030,2017,,128.8248,,A,Normal value,3,Thousands,2,Two,,
DATAFLOW,OECD.TAD.ATM:DSD_AGR@DF_OUTLOOK_2021_2030(1.0),OECD-FAO Agricultural Outlook 2021-2030,I,ISR,Israel,A,Annual,CPC_0151T0155,Roots and tubers,QP,Production,T,Tonnes,AO_2021_2030,Agricultural Outlook 2021-2030,2018,,129.7937,,A,Normal value,3,Thousands,2,Two,,
DATAFLOW,OECD.TAD.ATM:DSD_AGR@DF_OUTLOOK_2021_2030(1.0),OECD-FAO Agricultural Outlook 2021-2030,I,ISR,Israel,A,Annual,CPC_0143,Cottonseed,AH,Area harvested,HA,Hectares,AO_2021_2030,Agricultural Outlook 2021-2030,2019,,4.43,,A,Normal value,3,Thousands,2,Two,,
DATAFLOW,OECD.TAD.ATM:DSD_AGR@DF_OUTLOOK_2021_2030(1.0),OECD-FAO Agricultural Outlook 2021-2030,I,ISR,Israel,A,Annual,CPC_0143,Cottonseed,AH,Area harvested,HA,Hectares,AO_2021_2030,Agricultural Outlook 2021-2030,2020,,4.43,,A,Normal value,3,Thousands,2,Two,,
DATAFLOW,OECD.TAD.ATM:DSD_AGR@DF_OUTLOOK_2021_2030(1.0),OECD-FAO Agricultural Outlook 2021-2030,I,ISR,Israel,A,Annual,CPC_0143,Cottonseed,AH,Area harvested,HA,Hectares,AO_2021_2030,Agricultural Outlook 2021-2030,2021,,4.4285,,A,Normal value,3,Thousands,2,Two,,
DATAFLOW,OECD.TAD.ATM:DSD_AGR@DF_OUTLOOK_2021_2030(1.0),OECD-FAO Agricultural Outlook 2021-2030,I,ISR,Israel,A,Annual,CPC_0143,Cottonseed,AH,Area harvested,HA,Hectares,AO_2021_2030,Agricultural Outlook 2021-2030,2022,,4.4219,,A,Normal value,3,Thousands,2,Two,,
DATAFLOW,OECD.TAD.ATM:DSD_AGR@DF_OUTLOOK_2021_2030(1.0),OECD-FAO Agricultural Outlook 2021-2030,I,ISR,Israel,A,Annual,CPC_0143,Cottonseed,AH,Area harvested,HA,Hectares,AO_2021_2030,Agricultural Outlook 2021-2030,2023,,4.4156,,A,Normal value,3,Thousands,2,Two,,
DATAFLOW,OECD.TAD.ATM:DSD_AGR@DF_OUTLOOK_2021_2030(1.0),OECD-FAO Agricultural Outlook 2021-2030,I,ISR,Israel,A,Annual,CPC_0143,Cottonseed,AH,Area harvested,HA,Hectares,AO_2021_2030,Agricultural Outlook 2021-2030,2024,,4.4199,,A,Normal value,3,Thousands,2,Two,,
DATAFLOW,OECD.TAD.ATM:DSD_AGR@DF_OUTLOOK_2021_2030(1.0),OECD-FAO Agricultural Outlook 2021-2030,I,ISR,Israel,A,Annual,CPC_0143,Cottonseed,AH,Area harvested,HA,Hectares,AO_2021_2030,Agricultural Outlook 2021-2030,2025,,4.4218,,A,Normal value,3,Thousands,2,Two,,
DATAFLOW,OECD.TAD.ATM:DSD_AGR@DF_OUTLOOK_2021_2030(1.0),OECD-FAO Agricultural Outlook 2021-2030,I,ISR,Israel,A,Annual,CPC_0143,Cottonseed,AH,Area harvested,HA,Hectares,AO_2021_2030,Agricultural Outlook 2021-2030,2026,,4.4217,,A,Normal value,3,Thousands,2,Two,,
DATAFLOW,OECD.TAD.ATM:DSD_AGR@DF_OUTLOOK_2021_2030(1.0),OECD-FAO Agricultural Outlook 2021-2030,I,ISR,Israel,A,Annual,CPC_0143,Cottonseed,AH,Area harvested,HA,Hectares,AO_2021_2030,Agricultural Outlook 2021-2030,2027,,4.4227,,A,Normal value,3,Thousands,2,Two,,
DATAFLOW,OECD.TAD.ATM:DSD_AGR@DF_OUTLOOK_2021_2030(1.0),OECD-FAO Agricultural Outlook 2021-2030,I,ISR,Israel,A,Annual,CPC_0143,Cottonseed,AH,Area harvested,HA,Hectares,AO_2021_2030,Agricultural Outlook 2021-2030,2028,,4.4263,,A,Normal value,3,Thousands,2,Two,,
DATAFLOW,OECD.TAD.ATM:DSD_AGR@DF_OUTLOOK_2021_2030(1.0),OECD-FAO Agricultural Outlook 2021-2030,I,ISR,Israel,A,Annual,CPC_0143,Cottonseed,AH,Area harvested,HA,Hectares,AO_2021_2030,Agricultural Outlook 2021-2030,2029,,4.4334,,A,Normal value,3,Thousands,2,Two,,
DATAFLOW,OECD.TAD.ATM:DSD_AGR@DF_OUTLOOK_2021_2030(1.0),OECD-FAO Agricultural Outlook 2021-2030,I,ISR,Israel,A,Annual,CPC_0143,Cottonseed,AH,Area harvested,HA,Hectares,AO_2021_2030,Agricultural Outlook 2021-2030,2030,,4.4422,,A,Normal value,3,Thousands,2,Two,,
DATAFLOW,OECD.TAD.ATM:DSD_AGR@DF_OUTLOOK_2021_2030(1.0),OECD-FAO Agricultural Outlook 2021-2030,I,ISR,Israel,A,Annual,CPC_0143,Cottonseed,AH,Area harvested,HA,Hectares,AO_2021_2030,Agricultural Outlook 2021-2030,2010,,3.87,,A,Normal value,3,Thousands,2,Two,,
DATAFLOW,OECD.TAD.ATM:DSD_AGR@DF_OUTLOOK_2021_2030(1.0),OECD-FAO Agricultural Outlook 2021-2030,I,ISR,Israel,A,Annual,CPC_0143,Cottonseed,AH,Area harvested,HA,Hectares,AO_2021_2030,Agricultural Outlook 2021-2030,2011,,8.6,,A,Normal value,3,Thousands,2,Two,,
DATAFLOW,OECD.TAD.ATM:DSD_AGR@DF_OUTLOOK_2021_2030(1.0),OECD-FAO Agricultural Outlook 2021-2030,I,ISR,Israel,A,Annual,CPC_0143,Cottonseed,AH,Area harvested,HA,Hectares,AO_2021_2030,Agricultural Outlook 2021-2030,2012,,8.4,,A,Normal value,3,Thousands,2,Two,,
DATAFLOW,OECD.TAD.ATM:DSD_AGR@DF_OUTLOOK_2021_2030(1.0),OECD-FAO Agricultural Outlook 2021-2030,I,ISR,Israel,A,Annual,CPC_0143,Cottonseed,AH,Area harvested,HA,Hectares,AO_2021_2030,Agricultural Outlook 2021-2030,2013,,6.09,,A,Normal value,3,Thousands,2,Two,,
DATAFLOW,OECD.TAD.ATM:DSD_AGR@DF_OUTLOOK_2021_2030(1.0),OECD-FAO Agricultural Outlook 2021-2030,I,ISR,Israel,A,Annual,CPC_0143,Cottonseed,AH,Area harvested,HA,Hectares,AO_2021_2030,Agricultural Outlook 2021-2030,2014,,6.9,,A,Normal value,3,Thousands,2,Two,,
DATAFLOW,OECD.TAD.ATM:DSD_AGR@DF_OUTLOOK_2021_2030(1.0),OECD-FAO Agricultural Outlook 2021-2030,I,ISR,Israel,A,Annual,CPC_0143,Cottonseed,AH,Area harvested,HA,Hectares,AO_2021_2030,Agricultural Outlook 2021-2030,2015,,9.15,,A,Normal value,3,Thousands,2,Two,,
DATAFLOW,OECD.TAD.ATM:DSD_AGR@DF_OUTLOOK_2021_2030(1.0),OECD-FAO Agricultural Outlook 2021-2030,I,ISR,Israel,A,Annual,CPC_0143,Cottonseed,AH,Area harvested,HA,Hectares,AO_2021_2030,Agricultural Outlook 2021-2030,2016,,7.7775,,A,Normal value,3,Thousands,2,Two,,
DATAFLOW,OECD.TAD.ATM:DSD_AGR@DF_OUTLOOK_2021_2030(1.0),OECD-FAO Agricultural Outlook 2021-2030,I,ISR,Israel,A,Annual,CPC_0143,Cottonseed,AH,Area harvested,HA,Hectares,AO_2021_2030,Agricultural Outlook 2021-2030,2017,,6.8,,A,Normal value,3,Thousands,2,Two,,
DATAFLOW,OECD.TAD.ATM:DSD_AGR@DF_OUTLOOK_2021_2030(1.0),OECD-FAO Agricultural Outlook 2021-2030,I,ISR,Israel,A,Annual,CPC_0143,Cottonseed,AH,Area harvested,HA,Hectares,AO_2021_2030,Agricultural Outlook 2021-2030,2018,,4.43,,A,Normal value,3,Thousands,2,Two,,
DATAFLOW,OECD.TAD.ATM:DSD_AGR@DF_OUTLOOK_2021_2030(1.0),OECD-FAO Agricultural Outlook 2021-2030,I,ISR,Israel,A,Annual,CPC_0151T0155,Roots and tubers,EX,Exports,T,Tonnes,AO_2021_2030,Agricultural Outlook 2021-2030,2019,,50.5003,,A,Normal value,3,Thousands,2,Two,,
DATAFLOW,OECD.TAD.ATM:DSD_AGR@DF_OUTLOOK_2021_2030(1.0),OECD-FAO Agricultural Outlook 2021-2030,I,ISR,Israel,A,Annual,CPC_0151T0155,Roots and tubers,EX,Exports,T,Tonnes,AO_2021_2030,Agricultural Outlook 2021-2030,2020,,50.4527,,A,Normal value,3,Thousands,2,Two,,
DATAFLOW,OECD.TAD.ATM:DSD_AGR@DF_OUTLOOK_2021_2030(1.0),OECD-FAO Agricultural Outlook 2021-2030,I,ISR,Israel,A,Annual,CPC_0151T0155,Roots and tubers,EX,Exports,T,Tonnes,AO_2021_2030,Agricultural Outlook 2021-2030,2021,,49.1581,,A,Normal value,3,Thousands,2,Two,,
DATAFLOW,OECD.TAD.ATM:DSD_AGR@DF_OUTLOOK_2021_2030(1.0),OECD-FAO Agricultural Outlook 2021-2030,I,ISR,Israel,A,Annual,CPC_0151T0155,Roots and tubers,EX,Exports,T,Tonnes,AO_2021_2030,Agricultural Outlook 2021-2030,2022,,49.2782,,A,Normal value,3,Thousands,2,Two,,
DATAFLOW,OECD.TAD.ATM:DSD_AGR@DF_OUTLOOK_2021_2030(1.0),OECD-FAO Agricultural Outlook 2021-2030,I,ISR,Israel,A,Annual,CPC_0151T0155,Roots and tubers,EX,Exports,T,Tonnes,AO_2021_2030,Agricultural Outlook 2021-2030,2023,,50.4384,,A,Normal value,3,Thousands,2,Two,,
DATAFLOW,OECD.TAD.ATM:DSD_AGR@DF_OUTLOOK_2021_2030(1.0),OECD-FAO Agricultural Outlook 2021-2030,I,ISR,Israel,A,Annual,CPC_0151T0155,Roots and tubers,EX,Exports,T,Tonnes,AO_2021_2030,Agricultural Outlook 2021-2030,2024,,50.9246,,A,Normal value,3,Thousands,2,Two,,
DATAFLOW,OECD.TAD.ATM:DSD_AGR@DF_OUTLOOK_2021_2030(1.0),OECD-FAO Agricultural Outlook 2021-2030,I,ISR,Israel,A,Annual,CPC_0151T0155,Roots and tubers,EX,Exports,T,Tonnes,AO_2021_2030,Agricultural Outlook 2021-2030,2025,,51.7168,,A,Normal value,3,Thousands,2,Two,,
DATAFLOW,OECD.TAD.ATM:DSD_AGR@DF_OUTLOOK_2021_2030(1.0),OECD-FAO Agricultural Outlook 2021-2030,I,ISR,Israel,A,Annual,CPC_0151T0155,Roots and tubers,EX,Exports,T,Tonnes,AO_2021_2030,Agricultural Outlook 2021-2030,2026,,52.0425,,A,Normal value,3,Thousands,2,Two,,
DATAFLOW,OECD.TAD.ATM:DSD_AGR@DF_OUTLOOK_2021_2030(1.0),OECD-FAO Agricultural Outlook 2021-2030,I,ISR,Israel,A,Annual,CPC_0151T0155,Roots and tubers,EX,Exports,T,Tonnes,AO_2021_2030,Agricultural Outlook 2021-2030,2027,,52.694,,A,Normal value,3,Thousands,2,Two,,
DATAFLOW,OECD.TAD.ATM:DSD_AGR@DF_OUTLOOK_2021_2030(1.0),OECD-FAO Agricultural Outlook 2021-2030,I,ISR,Israel,A,Annual,CPC_0151T0155,Roots and tubers,EX,Exports,T,Tonnes,AO_2021_2030,Agricultural Outlook 2021-2030,2028,,53.2807,,A,Normal value,3,Thousands,2,Two,,
DATAFLOW,OECD.TAD.ATM:DSD_AGR@DF_OUTLOOK_2021_2030(1.0),OECD-FAO Agricultural Outlook 2021-2030,I,ISR,Israel,A,Annual,CPC_0151T0155,Roots and tubers,EX,Exports,T,Tonnes,AO_2021_2030,Agricultural Outlook 2021-2030,2029,,54.0244,,A,Normal value,3,Thousands,2,Two,,
DATAFLOW,OECD.TAD.ATM:DSD_AGR@DF_OUTLOOK_2021_2030(1.0),OECD-FAO Agricultural Outlook 2021-2030,I,ISR,Israel,A,Annual,CPC_0151T0155,Roots and tubers,EX,Exports,T,Tonnes,AO_2021_2030,Agricultural Outlook 2021-2030,2030,,54.6151,,A,Normal value,3,Thousands,2,Two,,
DATAFLOW,OECD.TAD.ATM:DSD_AGR@DF_OUTLOOK_2021_2030(1.0),OECD-FAO Agricultural Outlook 2021-2030,I,ISR,Israel,A,Annual,CPC_0151T0155,Roots and tubers,EX,Exports,T,Tonnes,AO_2021_2030,Agricultural Outlook 2021-2030,2010,,42.417,,A,Normal value,3,Thousands,2,Two,,
DATAFLOW,OECD.TAD.ATM:DSD_AGR@DF_OUTLOOK_2021_2030(1.0),OECD-FAO Agricultural Outlook 2021-2030,I,ISR,Israel,A,Annual,CPC_0151T0155,Roots and tubers,EX,Exports,T,Tonnes,AO_2021_2030,Agricultural Outlook 2021-2030,2011,,52.5014,,A,Normal value,3,Thousands,2,Two,,
DATAFLOW,OECD.TAD.ATM:DSD_AGR@DF_OUTLOOK_2021_2030(1.0),OECD-FAO Agricultural Outlook 2021-2030,I,ISR,Israel,A,Annual,CPC_0151T0155,Roots and tubers,EX,Exports,T,Tonnes,AO_2021_2030,Agricultural Outlook 2021-2030,2012,,42.258,,A,Normal value,3,Thousands,2,Two,,
DATAFLOW,OECD.TAD.ATM:DSD_AGR@DF_OUTLOOK_2021_2030(1.0),OECD-FAO Agricultural Outlook 2021-2030,I,ISR,Israel,A,Annual,CPC_0151T0155,Roots and tubers,EX,Exports,T,Tonnes,AO_2021_2030,Agricultural Outlook 2021-2030,2013,,50.683,,A,Normal value,3,Thousands,2,Two,,
DATAFLOW,OECD.TAD.ATM:DSD_AGR@DF_OUTLOOK_2021_2030(1.0),OECD-FAO Agricultural Outlook 2021-2030,I,ISR,Israel,A,Annual,CPC_0151T0155,Roots and tubers,EX,Exports,T,Tonnes,AO_2021_2030,Agricultural Outlook 2021-2030,2014,,50.6643,,A,Normal value,3,Thousands,2,Two,,
DATAFLOW,OECD.TAD.ATM:DSD_AGR@DF_OUTLOOK_2021_2030(1.0),OECD-FAO Agricultural Outlook 2021-2030,I,ISR,Israel,A,Annual,CPC_0151T0155,Roots and tubers,EX,Exports,T,Tonnes,AO_2021_2030,Agricultural Outlook 2021-2030,2015,,50.6413,,A,Normal value,3,Thousands,2,Two,,
DATAFLOW,OECD.TAD.ATM:DSD_AGR@DF_OUTLOOK_2021_2030(1.0),OECD-FAO Agricultural Outlook 2021-2030,I,ISR,Israel,A,Annual,CPC_0151T0155,Roots and tubers,EX,Exports,T,Tonnes,AO_2021_2030,Agricultural Outlook 2021-2030,2016,,50.6134,,A,Normal value,3,Thousands,2,Two,,
DATAFLOW,OECD.TAD.ATM:DSD_AGR@DF_OUTLOOK_2021_2030(1.0),OECD-FAO Agricultural Outlook 2021-2030,I,ISR,Israel,A,Annual,CPC_0151T0155,Roots and tubers,EX,Exports,T,Tonnes,AO_2021_2030,Agricultural Outlook 2021-2030,2017,,50.5806,,A,Normal value,3,Thousands,2,Two,,
DATAFLOW,OECD.TAD.ATM:DSD_AGR@DF_OUTLOOK_2021_2030(1.0),OECD-FAO Agricultural Outlook 2021-2030,I,ISR,Israel,A,Annual,CPC_0151T0155,Roots and tubers,EX,Exports,T,Tonnes,AO_2021_2030,Agricultural Outlook 2021-2030,2018,,50.543,,A,Normal value,3,Thousands,2,Two,,
DATAFLOW,OECD.TAD.ATM:DSD_AGR@DF_OUTLOOK_2021_2030(1.0),OECD-FAO Agricultural Outlook 2021-2030,I,ISR,Israel,A,Annual,CPC_0111,Wheat,EX,Exports,T,Tonnes,AO_2021_2030,Agricultural Outlook 2021-2030,2019,,0.0001,,A,Normal value,3,Thousands,2,Two,,
DATAFLOW,OECD.TAD.ATM:DSD_AGR@DF_OUTLOOK_2021_2030(1.0),OECD-FAO Agricultural Outlook 2021-2030,I,ISR,Israel,A,Annual,CPC_0111,Wheat,EX,Exports,T,Tonnes,AO_2021_2030,Agricultural Outlook 2021-2030,2020,,0.0001,,A,Normal value,3,Thousands,2,Two,,
DATAFLOW,OECD.TAD.ATM:DSD_AGR@DF_OUTLOOK_2021_2030(1.0),OECD-FAO Agricultural Outlook 2021-2030,I,ISR,Israel,A,Annual,CPC_0111,Wheat,EX,Exports,T,Tonnes,AO_2021_2030,Agricultural Outlook 2021-2030,2021,,0.0001,,A,Normal value,3,Thousands,2,Two,,
DATAFLOW,OECD.TAD.ATM:DSD_AGR@DF_OUTLOOK_2021_2030(1.0),OECD-FAO Agricultural Outlook 2021-2030,I,ISR,Israel,A,Annual,CPC_0111,Wheat,EX,Exports,T,Tonnes,AO_2021_2030,Agricultural Outlook 2021-2030,2022,,0.0001,,A,Normal value,3,Thousands,2,Two,,
DATAFLOW,OECD.TAD.ATM:DSD_AGR@DF_OUTLOOK_2021_2030(1.0),OECD-FAO Agricultural Outlook 2021-2030,I,ISR,Israel,A,Annual,CPC_0111,Wheat,EX,Exports,T,Tonnes,AO_2021_2030,Agricultural Outlook 2021-2030,2023,,0.0001,,A,Normal value,3,Thousands,2,Two,,
DATAFLOW,OECD.TAD.ATM:DSD_AGR@DF_OUTLOOK_2021_2030(1.0),OECD-FAO Agricultural Outlook 2021-2030,I,ISR,Israel,A,Annual,CPC_0111,Wheat,EX,Exports,T,Tonnes,AO_2021_2030,Agricultural Outlook 2021-2030,2024,,0.0001,,A,Normal value,3,Thousands,2,Two,,
DATAFLOW,OECD.TAD.ATM:DSD_AGR@DF_OUTLOOK_2021_2030(1.0),OECD-FAO Agricultural Outlook 2021-2030,I,ISR,Israel,A,Annual,CPC_0111,Wheat,EX,Exports,T,Tonnes,AO_2021_2030,Agricultural Outlook 2021-2030,2025,,0.0001,,A,Normal value,3,Thousands,2,Two,,
DATAFLOW,OECD.TAD.ATM:DSD_AGR@DF_OUTLOOK_2021_2030(1.0),OECD-FAO Agricultural Outlook 2021-2030,I,ISR,Israel,A,Annual,CPC_0111,Wheat,EX,Exports,T,Tonnes,AO_2021_2030,Agricultural Outlook 2021-2030,2026,,0.0001,,A,Normal value,3,Thousands,2,Two,,
DATAFLOW,OECD.TAD.ATM:DSD_AGR@DF_OUTLOOK_2021_2030(1.0),OECD-FAO Agricultural Outlook 2021-2030,I,ISR,Israel,A,Annual,CPC_0111,Wheat,EX,Exports,T,Tonnes,AO_2021_2030,Agricultural Outlook 2021-2030,2027,,0.0001,,A,Normal value,3,Thousands,2,Two,,
DATAFLOW,OECD.TAD.ATM:DSD_AGR@DF_OUTLOOK_2021_2030(1.0),OECD-FAO Agricultural Outlook 2021-2030,I,ISR,Israel,A,Annual,CPC_0111,Wheat,EX,Exports,T,Tonnes,AO_2021_2030,Agricultural Outlook 2021-2030,2028,,0.0001,,A,Normal value,3,Thousands,2,Two,,
DATAFLOW,OECD.TAD.ATM:DSD_AGR@DF_OUTLOOK_2021_2030(1.0),OECD-FAO Agricultural Outlook 2021-2030,I,ISR,Israel,A,Annual,CPC_0111,Wheat,EX,Exports,T,Tonnes,AO_2021_2030,Agricultural Outlook 2021-2030,2029,,0.0001,,A,Normal value,3,Thousands,2,Two,,
DATAFLOW,OECD.TAD.ATM:DSD_AGR@DF_OUTLOOK_2021_2030(1.0),OECD-FAO Agricultural Outlook 2021-2030,I,ISR,Israel,A,Annual,CPC_0111,Wheat,EX,Exports,T,Tonnes,AO_2021_2030,Agricultural Outlook 2021-2030,2030,,0.0001,,A,Normal value,3,Thousands,2,Two,,
DATAFLOW,OECD.TAD.ATM:DSD_AGR@DF_OUTLOOK_2021_2030(1.0),OECD-FAO Agricultural Outlook 2021-2030,I,ISR,Israel,A,Annual,CPC_0111,Wheat,EX,Exports,T,Tonnes,AO_2021_2030,Agricultural Outlook 2021-2030,2010,,0.0001,,A,Normal value,3,Thousands,2,Two,,
DATAFLOW,OECD.TAD.ATM:DSD_AGR@DF_OUTLOOK_2021_2030(1.0),OECD-FAO Agricultural Outlook 2021-2030,I,ISR,Israel,A,Annual,CPC_0111,Wheat,EX,Exports,T,Tonnes,AO_2021_2030,Agricultural Outlook 2021-2030,2011,,0.0001,,A,Normal value,3,Thousands,2,Two,,
DATAFLOW,OECD.TAD.ATM:DSD_AGR@DF_OUTLOOK_2021_2030(1.0),OECD-FAO Agricultural Outlook 2021-2030,I,ISR,Israel,A,Annual,CPC_0111,Wheat,EX,Exports,T,Tonnes,AO_2021_2030,Agricultural Outlook 2021-2030,2012,,0.0001,,A,Normal value,3,Thousands,2,Two,,
DATAFLOW,OECD.TAD.ATM:DSD_AGR@DF_OUTLOOK_2021_2030(1.0),OECD-FAO Agricultural Outlook 2021-2030,I,ISR,Israel,A,Annual,CPC_0111,Wheat,EX,Exports,T,Tonnes,AO_2021_2030,Agricultural Outlook 2021-2030,2013,,0.0001,,A,Normal value,3,Thousands,2,Two,,
DATAFLOW,OECD.TAD.ATM:DSD_AGR@DF_OUTLOOK_2021_2030(1.0),OECD-FAO Agricultural Outlook 2021-2030,I,ISR,Israel,A,Annual,CPC_0111,Wheat,EX,Exports,T,Tonnes,AO_2021_2030,Agricultural Outlook 2021-2030,2014,,0.0001,,A,Normal value,3,Thousands,2,Two,,
DATAFLOW,OECD.TAD.ATM:DSD_AGR@DF_OUTLOOK_2021_2030(1.0),OECD-FAO Agricultural Outlook 2021-2030,I,ISR,Israel,A,Annual,CPC_0111,Wheat,EX,Exports,T,Tonnes,AO_2021_2030,Agricultural Outlook 2021-2030,2015,,0.0001,,A,Normal value,3,Thousands,2,Two,,
DATAFLOW,OECD.TAD.ATM:DSD_AGR@DF_OUTLOOK_2021_2030(1.0),OECD-FAO Agricultural Outlook 2021-2030,I,ISR,Israel,A,Annual,CPC_0111,Wheat,EX,Exports,T,Tonnes,AO_2021_2030,Agricultural Outlook 2021-2030,2016,,0.0001,,A,Normal value,3,Thousands,2,Two,,
DATAFLOW,OECD.TAD.ATM:DSD_AGR@DF_OUTLOOK_2021_2030(1.0),OECD-FAO Agricultural Outlook 2021-2030,I,ISR,Israel,A,Annual,CPC_0111,Wheat,EX,Exports,T,Tonnes,AO_2021_2030,Agricultural Outlook 2021-2030,2017,,0.0001,,A,Normal value,3,Thousands,2,Two,,
DATAFLOW,OECD.TAD.ATM:DSD_AGR@DF_OUTLOOK_2021_2030(1.0),OECD-FAO Agricultural Outlook 2021-2030,I,ISR,Israel,A,Annual,CPC_0111,Wheat,EX,Exports,T,Tonnes,AO_2021_2030,Agricultural Outlook 2021-2030,2018,,0.0001,,A,Normal value,3,Thousands,2,Two,,
DATAFLOW,OECD.TAD.ATM:DSD_AGR@DF_OUTLOOK_2021_2030(1.0),OECD-FAO Agricultural Outlook 2021-2030,I,ISR,Israel,A,Annual,CPC_0111,Wheat,AH,Area harvested,HA,Hectares,AO_2021_2030,Agricultural Outlook 2021-2030,2019,,41,,A,Normal value,3,Thousands,2,Two,,
DATAFLOW,OECD.TAD.ATM:DSD_AGR@DF_OUTLOOK_2021_2030(1.0),OECD-FAO Agricultural Outlook 2021-2030,I,ISR,Israel,A,Annual,CPC_0111,Wheat,AH,Area harvested,HA,Hectares,AO_2021_2030,Agricultural Outlook 2021-2030,2020,,40,,A,Normal value,3,Thousands,2,Two,,
DATAFLOW,OECD.TAD.ATM:DSD_AGR@DF_OUTLOOK_2021_2030(1.0),OECD-FAO Agricultural Outlook 2021-2030,I,ISR,Israel,A,Annual,CPC_0111,Wheat,AH,Area harvested,HA,Hectares,AO_2021_2030,Agricultural Outlook 2021-2030,2021,,40.0988,,A,Normal value,3,Thousands,2,Two,,
DATAFLOW,OECD.TAD.ATM:DSD_AGR@DF_OUTLOOK_2021_2030(1.0),OECD-FAO Agricultural Outlook 2021-2030,I,ISR,Israel,A,Annual,CPC_0111,Wheat,AH,Area harvested,HA,Hectares,AO_2021_2030,Agricultural Outlook 2021-2030,2022,,40.2024,,A,Normal value,3,Thousands,2,Two,,
DATAFLOW,OECD.TAD.ATM:DSD_AGR@DF_OUTLOOK_2021_2030(1.0),OECD-FAO Agricultural Outlook 2021-2030,I,ISR,Israel,A,Annual,CPC_0111,Wheat,AH,Area harvested,HA,Hectares,AO_2021_2030,Agricultural Outlook 2021-2030,2023,,40.0845,,A,Normal value,3,Thousands,2,Two,,
DATAFLOW,OECD.TAD.ATM:DSD_AGR@DF_OUTLOOK_2021_2030(1.0),OECD-FAO Agricultural Outlook 2021-2030,I,ISR,Israel,A,Annual,CPC_0111,Wheat,AH,Area harvested,HA,Hectares,AO_2021_2030,Agricultural Outlook 2021-2030,2024,,40.1153,,A,Normal value,3,Thousands,2,Two,,
DATAFLOW,OECD.TAD.ATM:DSD_AGR@DF_OUTLOOK_2021_2030(1.0),OECD-FAO Agricultural Outlook 2021-2030,I,ISR,Israel,A,Annual,CPC_0111,Wheat,AH,Area harvested,HA,Hectares,AO_2021_2030,Agricultural Outlook 2021-2030,2025,,40.0439,,A,Normal value,3,Thousands,2,Two,,
DATAFLOW,OECD.TAD.ATM:DSD_AGR@DF_OUTLOOK_2021_2030(1.0),OECD-FAO Agricultural Outlook 2021-2030,I,ISR,Israel,A,Annual,CPC_0111,Wheat,AH,Area harvested,HA,Hectares,AO_2021_2030,Agricultural Outlook 2021-2030,2026,,39.9644,,A,Normal value,3,Thousands,2,Two,,
DATAFLOW,OECD.TAD.ATM:DSD_AGR@DF_OUTLOOK_2021_2030(1.0),OECD-FAO Agricultural Outlook 2021-2030,I,ISR,Israel,A,Annual,CPC_0111,Wheat,AH,Area harvested,HA,Hectares,AO_2021_2030,Agricultural Outlook 2021-2030,2027,,39.9471,,A,Normal value,3,Thousands,2,Two,,
DATAFLOW,OECD.TAD.ATM:DSD_AGR@DF_OUTLOOK_2021_2030(1.0),OECD-FAO Agricultural Outlook 2021-2030,I,ISR,Israel,A,Annual,CPC_0111,Wheat,AH,Area harvested,HA,Hectares,AO_2021_2030,Agricultural Outlook 2021-2030,2028,,39.9329,,A,Normal value,3,Thousands,2,Two,,
DATAFLOW,OECD.TAD.ATM:DSD_AGR@DF_OUTLOOK_2021_2030(1.0),OECD-FAO Agricultural Outlook 2021-2030,I,ISR,Israel,A,Annual,CPC_0111,Wheat,AH,Area harvested,HA,Hectares,AO_2021_2030,Agricultural Outlook 2021-2030,2029,,39.9223,,A,Normal value,3,Thousands,2,Two,,
DATAFLOW,OECD.TAD.ATM:DSD_AGR@DF_OUTLOOK_2021_2030(1.0),OECD-FAO Agricultural Outlook 2021-2030,I,ISR,Israel,A,Annual,CPC_0111,Wheat,AH,Area harvested,HA,Hectares,AO_2021_2030,Agricultural Outlook 2021-2030,2030,,39.9144,,A,Normal value,3,Thousands,2,Two,,
DATAFLOW,OECD.TAD.ATM:DSD_AGR@DF_OUTLOOK_2021_2030(1.0),OECD-FAO Agricultural Outlook 2021-2030,I,ISR,Israel,A,Annual,CPC_0111,Wheat,AH,Area harvested,HA,Hectares,AO_2021_2030,Agricultural Outlook 2021-2030,2010,,64.1,,A,Normal value,3,Thousands,2,Two,,
DATAFLOW,OECD.TAD.ATM:DSD_AGR@DF_OUTLOOK_2021_2030(1.0),OECD-FAO Agricultural Outlook 2021-2030,I,ISR,Israel,A,Annual,CPC_0111,Wheat,AH,Area harvested,HA,Hectares,AO_2021_2030,Agricultural Outlook 2021-2030,2011,,60.6,,A,Normal value,3,Thousands,2,Two,,
DATAFLOW,OECD.TAD.ATM:DSD_AGR@DF_OUTLOOK_2021_2030(1.0),OECD-FAO Agricultural Outlook 2021-2030,I,ISR,Israel,A,Annual,CPC_0111,Wheat,AH,Area harvested,HA,Hectares,AO_2021_2030,Agricultural Outlook 2021-2030,2012,,68.1,,A,Normal value,3,Thousands,2,Two,,
DATAFLOW,OECD.TAD.ATM:DSD_AGR@DF_OUTLOOK_2021_2030(1.0),OECD-FAO Agricultural Outlook 2021-2030,I,ISR,Israel,A,Annual,CPC_0111,Wheat,AH,Area harvested,HA,Hectares,AO_2021_2030,Agricultural Outlook 2021-2030,2013,,64,,A,Normal value,3,Thousands,2,Two,,
DATAFLOW,OECD.TAD.ATM:DSD_AGR@DF_OUTLOOK_2021_2030(1.0),OECD-FAO Agricultural Outlook 2021-2030,I,ISR,Israel,A,Annual,CPC_0111,Wheat,AH,Area harvested,HA,Hectares,AO_2021_2030,Agricultural Outlook 2021-2030,2014,,61.6,,A,Normal value,3,Thousands,2,Two,,
DATAFLOW,OECD.TAD.ATM:DSD_AGR@DF_OUTLOOK_2021_2030(1.0),OECD-FAO Agricultural Outlook 2021-2030,I,ISR,Israel,A,Annual,CPC_0111,Wheat,AH,Area harvested,HA,Hectares,AO_2021_2030,Agricultural Outlook 2021-2030,2015,,50.8,,A,Normal value,3,Thousands,2,Two,,
DATAFLOW,OECD.TAD.ATM:DSD_AGR@DF_OUTLOOK_2021_2030(1.0),OECD-FAO Agricultural Outlook 2021-2030,I,ISR,Israel,A,Annual,CPC_0111,Wheat,AH,Area harvested,HA,Hectares,AO_2021_2030,Agricultural Outlook 2021-2030,2016,,43.7,,A,Normal value,3,Thousands,2,Two,,
DATAFLOW,OECD.TAD.ATM:DSD_AGR@DF_OUTLOOK_2021_2030(1.0),OECD-FAO Agricultural Outlook 2021-2030,I,ISR,Israel,A,Annual,CPC_0111,Wheat,AH,Area harvested,HA,Hectares,AO_2021_2030,Agricultural Outlook 2021-2030,2017,,40,,A,Normal value,3,Thousands,2,Two,,
DATAFLOW,OECD.TAD.ATM:DSD_AGR@DF_OUTLOOK_2021_2030(1.0),OECD-FAO Agricultural Outlook 2021-2030,I,ISR,Israel,A,Annual,CPC_0111,Wheat,AH,Area harvested,HA,Hectares,AO_2021_2030,Agricultural Outlook 2021-2030,2018,,40,,A,Normal value,3,Thousands,2,Two,,
